{
  "cars": [
    {
      "cid": 1,
      "plateNum": "AAAAAA",
      "year": 2021,
      "pollutionLevel": "EURO4",
      "fuel": "Gas",
      "brand": "renault",
      "passengers": 5,
      "model": "clio",
      "classification": "CityCar",
      "carDoorNumber": 5,
      "engine": "Electric",
      "transmission": "Automatic",
      "image": "",
      "offer_oid": {
        "oid": 1,
        "available": true,
        "fromDate": 1706745600000,
        "toDate": 1709251140000,
        "pricePerHour": "15",
        "renterUsername": "bordin.2081387@studenti.uniroma1.it",
        "zoneLocation": "41.898380/12.481499"
      },
      "utilities_utid": {
        "airConditioning": true,
        "android": true,
        "apple": true,
        "bluetooth": true,
        "cdPlayer": false,
        "cruiseControl": true,
        "display": true,
        "navigationSystem": true,
        "parkingAssistant": true,
        "parkingCamera": true,
        "radioAMFM": true,
        "startAndStop": true,
        "surroundAudio": true,
        "usbPorts": true,
        "utid": 1,
        "description": "The Renault Clio is equipped with all the modern utilities including air conditioning, Android Auto, Apple CarPlay, Bluetooth connectivity, navigation system, parking assistant, parking camera, radio, start-and-stop feature, surround audio, and USB ports."
      }
    },
    {
      "cid": 2,
      "plateNum": "BBBBBB",
      "year": 2020,
      "pollutionLevel": "EURO3",
      "fuel": "Diesel",
      "brand": "bmw",
      "passengers": 5,
      "model": "x3",
      "classification": "FullSize",
      "carDoorNumber": 4,
      "engine": "Gas",
      "transmission": "Manual",
      "image": "",
      "offer_oid": {
        "oid": 2,
        "available": true,
        "fromDate": 1707091200000,
        "toDate": 1707091200000,
        "pricePerHour": "20",
        "renterUsername": "gabriele.lerani2000@gmail.com",
        "zoneLocation": "41.842691/12.585193"
      },
      "utilities_utid": {
        "airConditioning": true,
        "android": true,
        "apple": true,
        "bluetooth": true,
        "cdPlayer": false,
        "cruiseControl": true,
        "display": true,
        "navigationSystem": true,
        "parkingAssistant": true,
        "parkingCamera": true,
        "radioAMFM": true,
        "startAndStop": true,
        "surroundAudio": true,
        "usbPorts": true,
        "utid": 2,
        "description": "good to drive in the countryside"
      }
    },
    {
      "cid": 3,
      "plateNum": "CCCCCC",
      "year": 2018,
      "pollutionLevel": "EURO3",
      "fuel": "Diesel",
      "brand": "jeep",
      "passengers": 7,
      "model": "renegade",
      "classification": "FullSize",
      "carDoorNumber": 5,
      "engine": "Gas",
      "transmission": "Automatic",
      "image": "",
      "offer_oid": {
        "oid": 3,
        "available": false,
        "fromDate": 1704067200000,
        "toDate": 1706659200000,
        "pricePerHour": "30",
        "renterUsername": "giralda.1903088@studenti.uniroma1.it",
        "zoneLocation": "45.464158/9.191775"
      },
      "utilities_utid": {
        "airConditioning": false,
        "android": true,
        "apple": true,
        "bluetooth": true,
        "cdPlayer": false,
        "cruiseControl": true,
        "display": true,
        "navigationSystem": true,
        "parkingAssistant": true,
        "parkingCamera": true,
        "radioAMFM": true,
        "startAndStop": true,
        "surroundAudio": true,
        "usbPorts": true,
        "utid": 3,
        "description": "4x4"
      }
    },
    {
      "cid": 4,
      "plateNum": "DDDDDD",
      "year": 2019,
      "pollutionLevel": "EURO4",
      "fuel": "Gas",
      "brand": "smart",
      "passengers": 2,
      "model": "fortwo",
      "classification": "CityCar",
      "carDoorNumber": 2,
      "engine": "Electric",
      "transmission": "Automatic",
      "image": "",
      "offer_oid": {
        "oid": 4,
        "available": false,
        "fromDate": 1704412800000,
        "toDate": 1705363140000,
        "pricePerHour": "15",
        "renterUsername": "bordin.2081387@studenti.uniroma1.it",
        "zoneLocation": "45.061912/7.678392"
      },
      "utilities_utid": {
        "airConditioning": true,
        "android": true,
        "apple": true,
        "bluetooth": true,
        "cdPlayer": false,
        "cruiseControl": true,
        "display": true,
        "navigationSystem": true,
        "parkingAssistant": true,
        "parkingCamera": true,
        "radioAMFM": true,
        "startAndStop": true,
        "surroundAudio": true,
        "usbPorts": true,
        "utid": 4,
        "description": "beautiful small car"
      }
    },
    {
      "cid": 5,
      "plateNum": "EEEEEE",
      "year": 2012,
      "pollutionLevel": "EURO2",
      "fuel": "Diesel",
      "brand": "fiat",
      "passengers": 7,
      "model": "multipla",
      "classification": "CompactExecutive",
      "carDoorNumber": 5,
      "engine": "Gas",
      "transmission": "Manual",
      "image": "",
      "offer_oid": {
        "oid": 5,
        "available": true,
        "fromDate": 1704240000000,
        "toDate": 1709510340000,
        "pricePerHour": "13",
        "renterUsername": "gabriele.lerani2000@gmail.com",
        "zoneLocation": "39/9"
      },
      "utilities_utid": {
        "airConditioning": false,
        "android": true,
        "apple": true,
        "bluetooth": true,
        "cdPlayer": false,
        "cruiseControl": true,
        "display": false,
        "navigationSystem": true,
        "parkingAssistant": false,
        "parkingCamera": true,
        "radioAMFM": false,
        "startAndStop": true,
        "surroundAudio": false,
        "usbPorts": true,
        "utid": 5,
        "description": "good for transport"
      }
    },
    {
      "cid": 6,
      "plateNum": "FFFFFF",
      "year": 2020,
      "pollutionLevel": "EURO6",
      "fuel": "Gas",
      "brand": "toyota",
      "passengers": 4,
      "model": "yaris",
      "classification": "CityCar",
      "carDoorNumber": 3,
      "engine": "Hybrid",
      "transmission": "Manual",
      "image": "",
      "offer_oid": {
        "oid": 6,
        "available": false,
        "fromDate": 1709251200000,
        "toDate": 1711065540000,
        "pricePerHour": "12",
        "renterUsername": "giralda.1903088@studenti.uniroma1.it",
        "zoneLocation": "40.001764/15.993605"
      },
      "utilities_utid": {
        "airConditioning": true,
        "android": true,
        "apple": true,
        "bluetooth": true,
        "cdPlayer": false,
        "cruiseControl": true,
        "display": true,
        "navigationSystem": true,
        "parkingAssistant": true,
        "parkingCamera": true,
        "radioAMFM": true,
        "startAndStop": true,
        "surroundAudio": true,
        "usbPorts": true,
        "utid": 6,
        "description": "good for families"
      }
    }
  ]
}
